day,type,amount,balance_after
1,tools,-150.00,350.00
1,setup_permit,-50.00,300.00
1,workspace,-12.00,288.00
1,insurance,-5.00,283.00
1,marketing,-8.00,275.00
1,parts,-12.00,263.00
1,labor,-28.00,235.00
1,tune_up_sale,75.00,310.00
1,parts,-12.00,298.00
1,labor,-28.00,270.00
1,tune_up_sale,75.00,345.00
2,workspace,-12.00,333.00
2,insurance,-5.00,328.00
2,marketing,-8.00,320.00
2,parts,-12.00,308.00
2,labor,-28.00,280.00
2,tune_up_sale,75.00,355.00
2,parts,-12.00,343.00
2,labor,-28.00,315.00
2,tune_up_sale,75.00,390.00
2,parts,-12.00,378.00
2,labor,-28.00,350.00
2,tune_up_sale,75.00,425.00
3,workspace,-12.00,413.00
3,insurance,-5.00,408.00
3,marketing,-8.00,400.00
3,parts,-12.00,388.00
3,labor,-28.00,360.00
3,tune_up_sale,75.00,435.00
4,workspace,-12.00,423.00
4,insurance,-5.00,418.00
4,marketing,-8.00,410.00
5,workspace,-12.00,398.00
5,insurance,-5.00,393.00
5,marketing,-8.00,385.00
5,parts,-12.00,373.00
5,labor,-28.00,345.00
5,tune_up_sale,75.00,420.00
5,parts,-12.00,408.00
5,labor,-28.00,380.00
5,tune_up_sale,75.00,455.00
5,parts,-12.00,443.00
5,labor,-28.00,415.00
5,tune_up_sale,75.00,490.00
5,parts,-12.00,478.00
5,labor,-28.00,450.00
5,tune_up_sale,75.00,525.00
5,parts,-12.00,513.00
5,labor,-28.00,485.00
5,tune_up_sale,75.00,560.00
6,workspace,-12.00,548.00
6,insurance,-5.00,543.00
6,marketing,-8.00,535.00
6,parts,-12.00,523.00
6,labor,-28.00,495.00
6,tune_up_sale,75.00,570.00
6,parts,-12.00,558.00
6,labor,-28.00,530.00
6,tune_up_sale,75.00,605.00
6,parts,-12.00,593.00
6,labor,-28.00,565.00
6,tune_up_sale,75.00,640.00
7,workspace,-12.00,628.00
7,insurance,-5.00,623.00
7,marketing,-8.00,615.00
7,parts,-12.00,603.00
7,labor,-28.00,575.00
7,tune_up_sale,75.00,650.00
7,parts,-12.00,638.00
7,labor,-28.00,610.00
7,tune_up_sale,75.00,685.00
7,parts,-12.00,673.00
7,labor,-28.00,645.00
7,tune_up_sale,75.00,720.00
8,workspace,-12.00,708.00
8,insurance,-5.00,703.00
8,marketing,-8.00,695.00
9,workspace,-12.00,683.00
9,insurance,-5.00,678.00
9,marketing,-8.00,670.00
9,parts,-12.00,658.00
9,labor,-28.00,630.00
9,tune_up_sale,75.00,705.00
9,parts,-12.00,693.00
9,labor,-28.00,665.00
9,tune_up_sale,75.00,740.00
9,parts,-12.00,728.00
9,labor,-28.00,700.00
9,tune_up_sale,75.00,775.00
9,parts,-12.00,763.00
9,labor,-28.00,735.00
9,tune_up_sale,75.00,810.00
9,parts,-12.00,798.00
9,labor,-28.00,770.00
9,tune_up_sale,75.00,845.00
10,workspace,-12.00,833.00
10,insurance,-5.00,828.00
10,marketing,-8.00,820.00
10,parts,-12.00,808.00
10,labor,-28.00,780.00
10,tune_up_sale,75.00,855.00
10,parts,-12.00,843.00
10,labor,-28.00,815.00
10,tune_up_sale,75.00,890.00
10,parts,-12.00,878.00
10,labor,-28.00,850.00
10,tune_up_sale,75.00,925.00
10,parts,-12.00,913.00
10,labor,-28.00,885.00
10,tune_up_sale,75.00,960.00
11,workspace,-12.00,948.00
11,insurance,-5.00,943.00
11,marketing,-8.00,935.00
11,parts,-12.00,923.00
11,labor,-28.00,895.00
11,tune_up_sale,75.00,970.00
11,parts,-12.00,958.00
11,labor,-28.00,930.00
11,tune_up_sale,75.00,1005.00
11,parts,-12.00,993.00
11,labor,-28.00,965.00
11,tune_up_sale,75.00,1040.00
11,parts,-12.00,1028.00
11,labor,-28.00,1000.00
11,tune_up_sale,75.00,1075.00
12,workspace,-12.00,1063.00
12,insurance,-5.00,1058.00
12,marketing,-8.00,1050.00
13,workspace,-12.00,1038.00
13,insurance,-5.00,1033.00
13,marketing,-8.00,1025.00
13,parts,-12.00,1013.00
13,labor,-28.00,985.00
13,tune_up_sale,75.00,1060.00
13,parts,-12.00,1048.00
13,labor,-28.00,1020.00
13,tune_up_sale,75.00,1095.00
14,workspace,-12.00,1083.00
14,insurance,-5.00,1078.00
14,marketing,-8.00,1070.00
14,parts,-12.00,1058.00
14,labor,-28.00,1030.00
14,tune_up_sale,75.00,1105.00
14,parts,-12.00,1093.00
14,labor,-28.00,1065.00
14,tune_up_sale,75.00,1140.00
14,parts,-12.00,1128.00
14,labor,-28.00,1100.00
14,tune_up_sale,75.00,1175.00
15,workspace,-12.00,1163.00
15,insurance,-5.00,1158.00
15,marketing,-8.00,1150.00
15,parts,-12.00,1138.00
15,labor,-28.00,1110.00
15,tune_up_sale,75.00,1185.00
15,parts,-12.00,1173.00
15,labor,-28.00,1145.00
15,tune_up_sale,75.00,1220.00
15,parts,-12.00,1208.00
15,labor,-28.00,1180.00
15,tune_up_sale,75.00,1255.00
15,parts,-12.00,1243.00
15,labor,-28.00,1215.00
15,tune_up_sale,75.00,1290.00
16,workspace,-12.00,1278.00
16,insurance,-5.00,1273.00
16,marketing,-8.00,1265.00
16,parts,-12.00,1253.00
16,labor,-28.00,1225.00
16,tune_up_sale,75.00,1300.00
16,parts,-12.00,1288.00
16,labor,-28.00,1260.00
16,tune_up_sale,75.00,1335.00
16,parts,-12.00,1323.00
16,labor,-28.00,1295.00
16,tune_up_sale,75.00,1370.00
17,workspace,-12.00,1358.00
17,insurance,-5.00,1353.00
17,marketing,-8.00,1345.00
17,parts,-12.00,1333.00
17,labor,-28.00,1305.00
17,tune_up_sale,75.00,1380.00
17,parts,-12.00,1368.00
17,labor,-28.00,1340.00
17,tune_up_sale,75.00,1415.00
17,parts,-12.00,1403.00
17,labor,-28.00,1375.00
17,tune_up_sale,75.00,1450.00
17,parts,-12.00,1438.00
17,labor,-28.00,1410.00
17,tune_up_sale,75.00,1485.00
18,workspace,-12.00,1473.00
18,insurance,-5.00,1468.00
18,marketing,-8.00,1460.00
18,parts,-12.00,1448.00
18,labor,-28.00,1420.00
18,tune_up_sale,75.00,1495.00
18,parts,-12.00,1483.00
18,labor,-28.00,1455.00
18,tune_up_sale,75.00,1530.00
19,workspace,-12.00,1518.00
19,insurance,-5.00,1513.00
19,marketing,-8.00,1505.00
19,parts,-12.00,1493.00
19,labor,-28.00,1465.00
19,tune_up_sale,75.00,1540.00
19,parts,-12.00,1528.00
19,labor,-28.00,1500.00
19,tune_up_sale,75.00,1575.00
19,parts,-12.00,1563.00
19,labor,-28.00,1535.00
19,tune_up_sale,75.00,1610.00
20,workspace,-12.00,1598.00
20,insurance,-5.00,1593.00
20,marketing,-8.00,1585.00
20,parts,-12.00,1573.00
20,labor,-28.00,1545.00
20,tune_up_sale,75.00,1620.00
20,parts,-12.00,1608.00
20,labor,-28.00,1580.00
20,tune_up_sale,75.00,1655.00
20,parts,-12.00,1643.00
20,labor,-28.00,1615.00
20,tune_up_sale,75.00,1690.00
20,parts,-12.00,1678.00
20,labor,-28.00,1650.00
20,tune_up_sale,75.00,1725.00
20,parts,-12.00,1713.00
20,labor,-28.00,1685.00
20,tune_up_sale,75.00,1760.00
20,parts,-12.00,1748.00
20,labor,-28.00,1720.00
20,tune_up_sale,75.00,1795.00
21,workspace,-12.00,1783.00
21,insurance,-5.00,1778.00
21,marketing,-8.00,1770.00
21,parts,-12.00,1758.00
21,labor,-28.00,1730.00
21,tune_up_sale,75.00,1805.00
21,parts,-12.00,1793.00
21,labor,-28.00,1765.00
21,tune_up_sale,75.00,1840.00
22,workspace,-12.00,1828.00
22,insurance,-5.00,1823.00
22,marketing,-8.00,1815.00
22,parts,-12.00,1803.00
22,labor,-28.00,1775.00
22,tune_up_sale,75.00,1850.00
22,parts,-12.00,1838.00
22,labor,-28.00,1810.00
22,tune_up_sale,75.00,1885.00
22,parts,-12.00,1873.00
22,labor,-28.00,1845.00
22,tune_up_sale,75.00,1920.00
22,parts,-12.00,1908.00
22,labor,-28.00,1880.00
22,tune_up_sale,75.00,1955.00
23,workspace,-12.00,1943.00
23,insurance,-5.00,1938.00
23,marketing,-8.00,1930.00
23,parts,-12.00,1918.00
23,labor,-28.00,1890.00
23,tune_up_sale,75.00,1965.00
24,workspace,-12.00,1953.00
24,insurance,-5.00,1948.00
24,marketing,-8.00,1940.00
24,parts,-12.00,1928.00
24,labor,-28.00,1900.00
24,tune_up_sale,75.00,1975.00
24,parts,-12.00,1963.00
24,labor,-28.00,1935.00
24,tune_up_sale,75.00,2010.00
24,parts,-12.00,1998.00
24,labor,-28.00,1970.00
24,tune_up_sale,75.00,2045.00
24,parts,-12.00,2033.00
24,labor,-28.00,2005.00
24,tune_up_sale,75.00,2080.00
25,workspace,-12.00,2068.00
25,insurance,-5.00,2063.00
25,marketing,-8.00,2055.00
25,parts,-12.00,2043.00
25,labor,-28.00,2015.00
25,tune_up_sale,75.00,2090.00
25,parts,-12.00,2078.00
25,labor,-28.00,2050.00
25,tune_up_sale,75.00,2125.00
25,parts,-12.00,2113.00
25,labor,-28.00,2085.00
25,tune_up_sale,75.00,2160.00
26,workspace,-12.00,2148.00
26,insurance,-5.00,2143.00
26,marketing,-8.00,2135.00
26,parts,-12.00,2123.00
26,labor,-28.00,2095.00
26,tune_up_sale,75.00,2170.00
26,parts,-12.00,2158.00
26,labor,-28.00,2130.00
26,tune_up_sale,75.00,2205.00
27,workspace,-12.00,2193.00
27,insurance,-5.00,2188.00
27,marketing,-8.00,2180.00
27,parts,-12.00,2168.00
27,labor,-28.00,2140.00
27,tune_up_sale,75.00,2215.00
27,parts,-12.00,2203.00
27,labor,-28.00,2175.00
27,tune_up_sale,75.00,2250.00
27,parts,-12.00,2238.00
27,labor,-28.00,2210.00
27,tune_up_sale,75.00,2285.00
28,workspace,-12.00,2273.00
28,insurance,-5.00,2268.00
28,marketing,-8.00,2260.00
28,parts,-12.00,2248.00
28,labor,-28.00,2220.00
28,tune_up_sale,75.00,2295.00
28,parts,-12.00,2283.00
28,labor,-28.00,2255.00
28,tune_up_sale,75.00,2330.00
28,parts,-12.00,2318.00
28,labor,-28.00,2290.00
28,tune_up_sale,75.00,2365.00
28,parts,-12.00,2353.00
28,labor,-28.00,2325.00
28,tune_up_sale,75.00,2400.00
29,workspace,-12.00,2388.00
29,insurance,-5.00,2383.00
29,marketing,-8.00,2375.00
29,parts,-12.00,2363.00
29,labor,-28.00,2335.00
29,tune_up_sale,75.00,2410.00
29,parts,-12.00,2398.00
29,labor,-28.00,2370.00
29,tune_up_sale,75.00,2445.00
29,parts,-12.00,2433.00
29,labor,-28.00,2405.00
29,tune_up_sale,75.00,2480.00
29,parts,-12.00,2468.00
29,labor,-28.00,2440.00
29,tune_up_sale,75.00,2515.00
30,workspace,-12.00,2503.00
30,insurance,-5.00,2498.00
30,marketing,-8.00,2490.00
30,parts,-12.00,2478.00
30,labor,-28.00,2450.00
30,tune_up_sale,75.00,2525.00
30,parts,-12.00,2513.00
30,labor,-28.00,2485.00
30,tune_up_sale,75.00,2560.00
30,parts,-12.00,2548.00
30,labor,-28.00,2520.00
30,tune_up_sale,75.00,2595.00
30,parts,-12.00,2583.00
30,labor,-28.00,2555.00
30,tune_up_sale,75.00,2630.00
31,workspace,-12.00,2618.00
31,insurance,-5.00,2613.00
31,marketing,-8.00,2605.00
31,parts,-12.00,2593.00
31,labor,-28.00,2565.00
31,tune_up_sale,75.00,2640.00
31,parts,-12.00,2628.00
31,labor,-28.00,2600.00
31,tune_up_sale,75.00,2675.00
31,parts,-12.00,2663.00
31,labor,-28.00,2635.00
31,tune_up_sale,75.00,2710.00
32,workspace,-12.00,2698.00
32,insurance,-5.00,2693.00
32,marketing,-8.00,2685.00
32,parts,-12.00,2673.00
32,labor,-28.00,2645.00
32,tune_up_sale,75.00,2720.00
32,parts,-12.00,2708.00
32,labor,-28.00,2680.00
32,tune_up_sale,75.00,2755.00
32,parts,-12.00,2743.00
32,labor,-28.00,2715.00
32,tune_up_sale,75.00,2790.00
32,parts,-12.00,2778.00
32,labor,-28.00,2750.00
32,tune_up_sale,75.00,2825.00
32,parts,-12.00,2813.00
32,labor,-28.00,2785.00
32,tune_up_sale,75.00,2860.00
32,parts,-12.00,2848.00
32,labor,-28.00,2820.00
32,tune_up_sale,75.00,2895.00
33,workspace,-12.00,2883.00
33,insurance,-5.00,2878.00
33,marketing,-8.00,2870.00
33,parts,-12.00,2858.00
33,labor,-28.00,2830.00
33,tune_up_sale,75.00,2905.00
33,parts,-12.00,2893.00
33,labor,-28.00,2865.00
33,tune_up_sale,75.00,2940.00
34,workspace,-12.00,2928.00
34,insurance,-5.00,2923.00
34,marketing,-8.00,2915.00
34,parts,-12.00,2903.00
34,labor,-28.00,2875.00
34,tune_up_sale,75.00,2950.00
34,parts,-12.00,2938.00
34,labor,-28.00,2910.00
34,tune_up_sale,75.00,2985.00
34,parts,-12.00,2973.00
34,labor,-28.00,2945.00
34,tune_up_sale,75.00,3020.00
34,parts,-12.00,3008.00
34,labor,-28.00,2980.00
34,tune_up_sale,75.00,3055.00
35,workspace,-12.00,3043.00
35,insurance,-5.00,3038.00
35,marketing,-8.00,3030.00
35,parts,-12.00,3018.00
35,labor,-28.00,2990.00
35,tune_up_sale,75.00,3065.00
35,parts,-12.00,3053.00
35,labor,-28.00,3025.00
35,tune_up_sale,75.00,3100.00
36,workspace,-12.00,3088.00
36,insurance,-5.00,3083.00
36,marketing,-8.00,3075.00
36,parts,-12.00,3063.00
36,labor,-28.00,3035.00
36,tune_up_sale,75.00,3110.00
36,parts,-12.00,3098.00
36,labor,-28.00,3070.00
36,tune_up_sale,75.00,3145.00
36,parts,-12.00,3133.00
36,labor,-28.00,3105.00
36,tune_up_sale,75.00,3180.00
37,workspace,-12.00,3168.00
37,insurance,-5.00,3163.00
37,marketing,-8.00,3155.00
37,parts,-12.00,3143.00
37,labor,-28.00,3115.00
37,tune_up_sale,75.00,3190.00
37,parts,-12.00,3178.00
37,labor,-28.00,3150.00
37,tune_up_sale,75.00,3225.00
37,parts,-12.00,3213.00
37,labor,-28.00,3185.00
37,tune_up_sale,75.00,3260.00
38,workspace,-12.00,3248.00
38,insurance,-5.00,3243.00
38,marketing,-8.00,3235.00
38,parts,-12.00,3223.00
38,labor,-28.00,3195.00
38,tune_up_sale,75.00,3270.00
38,parts,-12.00,3258.00
38,labor,-28.00,3230.00
38,tune_up_sale,75.00,3305.00
39,workspace,-12.00,3293.00
39,insurance,-5.00,3288.00
39,marketing,-8.00,3280.00
40,workspace,-12.00,3268.00
40,insurance,-5.00,3263.00
40,marketing,-8.00,3255.00
40,parts,-12.00,3243.00
40,labor,-28.00,3215.00
40,tune_up_sale,75.00,3290.00
40,parts,-12.00,3278.00
40,labor,-28.00,3250.00
40,tune_up_sale,75.00,3325.00
40,parts,-12.00,3313.00
40,labor,-28.00,3285.00
40,tune_up_sale,75.00,3360.00
40,parts,-12.00,3348.00
40,labor,-28.00,3320.00
40,tune_up_sale,75.00,3395.00
41,workspace,-12.00,3383.00
41,insurance,-5.00,3378.00
41,marketing,-8.00,3370.00
41,parts,-12.00,3358.00
41,labor,-28.00,3330.00
41,tune_up_sale,75.00,3405.00
41,parts,-12.00,3393.00
41,labor,-28.00,3365.00
41,tune_up_sale,75.00,3440.00
41,parts,-12.00,3428.00
41,labor,-28.00,3400.00
41,tune_up_sale,75.00,3475.00
41,parts,-12.00,3463.00
41,labor,-28.00,3435.00
41,tune_up_sale,75.00,3510.00
42,workspace,-12.00,3498.00
42,insurance,-5.00,3493.00
42,marketing,-8.00,3485.00
42,parts,-12.00,3473.00
42,labor,-28.00,3445.00
42,tune_up_sale,75.00,3520.00
42,parts,-12.00,3508.00
42,labor,-28.00,3480.00
42,tune_up_sale,75.00,3555.00
42,parts,-12.00,3543.00
42,labor,-28.00,3515.00
42,tune_up_sale,75.00,3590.00
43,workspace,-12.00,3578.00
43,insurance,-5.00,3573.00
43,marketing,-8.00,3565.00
43,parts,-12.00,3553.00
43,labor,-28.00,3525.00
43,tune_up_sale,75.00,3600.00
43,parts,-12.00,3588.00
43,labor,-28.00,3560.00
43,tune_up_sale,75.00,3635.00
44,workspace,-12.00,3623.00
44,insurance,-5.00,3618.00
44,marketing,-8.00,3610.00
44,parts,-12.00,3598.00
44,labor,-28.00,3570.00
44,tune_up_sale,75.00,3645.00
44,parts,-12.00,3633.00
44,labor,-28.00,3605.00
44,tune_up_sale,75.00,3680.00
45,workspace,-12.00,3668.00
45,insurance,-5.00,3663.00
45,marketing,-8.00,3655.00
45,parts,-12.00,3643.00
45,labor,-28.00,3615.00
45,tune_up_sale,75.00,3690.00
45,parts,-12.00,3678.00
45,labor,-28.00,3650.00
45,tune_up_sale,75.00,3725.00
45,parts,-12.00,3713.00
45,labor,-28.00,3685.00
45,tune_up_sale,75.00,3760.00
45,parts,-12.00,3748.00
45,labor,-28.00,3720.00
45,tune_up_sale,75.00,3795.00
46,workspace,-12.00,3783.00
46,insurance,-5.00,3778.00
46,marketing,-8.00,3770.00
46,parts,-12.00,3758.00
46,labor,-28.00,3730.00
46,tune_up_sale,75.00,3805.00
46,parts,-12.00,3793.00
46,labor,-28.00,3765.00
46,tune_up_sale,75.00,3840.00
47,workspace,-12.00,3828.00
47,insurance,-5.00,3823.00
47,marketing,-8.00,3815.00
47,parts,-12.00,3803.00
47,labor,-28.00,3775.00
47,tune_up_sale,75.00,3850.00
47,parts,-12.00,3838.00
47,labor,-28.00,3810.00
47,tune_up_sale,75.00,3885.00
47,parts,-12.00,3873.00
47,labor,-28.00,3845.00
47,tune_up_sale,75.00,3920.00
48,workspace,-12.00,3908.00
48,insurance,-5.00,3903.00
48,marketing,-8.00,3895.00
48,parts,-12.00,3883.00
48,labor,-28.00,3855.00
48,tune_up_sale,75.00,3930.00
48,parts,-12.00,3918.00
48,labor,-28.00,3890.00
48,tune_up_sale,75.00,3965.00
48,parts,-12.00,3953.00
48,labor,-28.00,3925.00
48,tune_up_sale,75.00,4000.00
48,parts,-12.00,3988.00
48,labor,-28.00,3960.00
48,tune_up_sale,75.00,4035.00
48,parts,-12.00,4023.00
48,labor,-28.00,3995.00
48,tune_up_sale,75.00,4070.00
49,workspace,-12.00,4058.00
49,insurance,-5.00,4053.00
49,marketing,-8.00,4045.00
49,parts,-12.00,4033.00
49,labor,-28.00,4005.00
49,tune_up_sale,75.00,4080.00
49,parts,-12.00,4068.00
49,labor,-28.00,4040.00
49,tune_up_sale,75.00,4115.00
50,workspace,-12.00,4103.00
50,insurance,-5.00,4098.00
50,marketing,-8.00,4090.00
50,parts,-12.00,4078.00
50,labor,-28.00,4050.00
50,tune_up_sale,75.00,4125.00
50,parts,-12.00,4113.00
50,labor,-28.00,4085.00
50,tune_up_sale,75.00,4160.00
50,parts,-12.00,4148.00
50,labor,-28.00,4120.00
50,tune_up_sale,75.00,4195.00
51,workspace,-12.00,4183.00
51,insurance,-5.00,4178.00
51,marketing,-8.00,4170.00
51,parts,-12.00,4158.00
51,labor,-28.00,4130.00
51,tune_up_sale,75.00,4205.00
51,parts,-12.00,4193.00
51,labor,-28.00,4165.00
51,tune_up_sale,75.00,4240.00
51,parts,-12.00,4228.00
51,labor,-28.00,4200.00
51,tune_up_sale,75.00,4275.00
51,parts,-12.00,4263.00
51,labor,-28.00,4235.00
51,tune_up_sale,75.00,4310.00
52,workspace,-12.00,4298.00
52,insurance,-5.00,4293.00
52,marketing,-8.00,4285.00
52,parts,-12.00,4273.00
52,labor,-28.00,4245.00
52,tune_up_sale,75.00,4320.00
52,parts,-12.00,4308.00
52,labor,-28.00,4280.00
52,tune_up_sale,75.00,4355.00
52,parts,-12.00,4343.00
52,labor,-28.00,4315.00
52,tune_up_sale,75.00,4390.00
53,workspace,-12.00,4378.00
53,insurance,-5.00,4373.00
53,marketing,-8.00,4365.00
53,parts,-12.00,4353.00
53,labor,-28.00,4325.00
53,tune_up_sale,75.00,4400.00
53,parts,-12.00,4388.00
53,labor,-28.00,4360.00
53,tune_up_sale,75.00,4435.00
53,parts,-12.00,4423.00
53,labor,-28.00,4395.00
53,tune_up_sale,75.00,4470.00
53,parts,-12.00,4458.00
53,labor,-28.00,4430.00
53,tune_up_sale,75.00,4505.00
54,workspace,-12.00,4493.00
54,insurance,-5.00,4488.00
54,marketing,-8.00,4480.00
54,parts,-12.00,4468.00
54,labor,-28.00,4440.00
54,tune_up_sale,75.00,4515.00
54,parts,-12.00,4503.00
54,labor,-28.00,4475.00
54,tune_up_sale,75.00,4550.00
54,parts,-12.00,4538.00
54,labor,-28.00,4510.00
54,tune_up_sale,75.00,4585.00
54,parts,-12.00,4573.00
54,labor,-28.00,4545.00
54,tune_up_sale,75.00,4620.00
55,workspace,-12.00,4608.00
55,insurance,-5.00,4603.00
55,marketing,-8.00,4595.00
55,parts,-12.00,4583.00
55,labor,-28.00,4555.00
55,tune_up_sale,75.00,4630.00
55,parts,-12.00,4618.00
55,labor,-28.00,4590.00
55,tune_up_sale,75.00,4665.00
56,workspace,-12.00,4653.00
56,insurance,-5.00,4648.00
56,marketing,-8.00,4640.00
56,parts,-12.00,4628.00
56,labor,-28.00,4600.00
56,tune_up_sale,75.00,4675.00
56,parts,-12.00,4663.00
56,labor,-28.00,4635.00
56,tune_up_sale,75.00,4710.00
56,parts,-12.00,4698.00
56,labor,-28.00,4670.00
56,tune_up_sale,75.00,4745.00
56,parts,-12.00,4733.00
56,labor,-28.00,4705.00
56,tune_up_sale,75.00,4780.00
57,workspace,-12.00,4768.00
57,insurance,-5.00,4763.00
57,marketing,-8.00,4755.00
57,parts,-12.00,4743.00
57,labor,-28.00,4715.00
57,tune_up_sale,75.00,4790.00
57,parts,-12.00,4778.00
57,labor,-28.00,4750.00
57,tune_up_sale,75.00,4825.00
58,workspace,-12.00,4813.00
58,insurance,-5.00,4808.00
58,marketing,-8.00,4800.00
58,parts,-12.00,4788.00
58,labor,-28.00,4760.00
58,tune_up_sale,75.00,4835.00
58,parts,-12.00,4823.00
58,labor,-28.00,4795.00
58,tune_up_sale,75.00,4870.00
58,parts,-12.00,4858.00
58,labor,-28.00,4830.00
58,tune_up_sale,75.00,4905.00
59,workspace,-12.00,4893.00
59,insurance,-5.00,4888.00
59,marketing,-8.00,4880.00
59,parts,-12.00,4868.00
59,labor,-28.00,4840.00
59,tune_up_sale,75.00,4915.00
60,workspace,-12.00,4903.00
60,insurance,-5.00,4898.00
60,marketing,-8.00,4890.00
60,parts,-12.00,4878.00
60,labor,-28.00,4850.00
60,tune_up_sale,75.00,4925.00
60,parts,-12.00,4913.00
60,labor,-28.00,4885.00
60,tune_up_sale,75.00,4960.00
60,parts,-12.00,4948.00
60,labor,-28.00,4920.00
60,tune_up_sale,75.00,4995.00
60,parts,-12.00,4983.00
60,labor,-28.00,4955.00
60,tune_up_sale,75.00,5030.00
61,workspace,-12.00,5018.00
61,insurance,-5.00,5013.00
61,marketing,-8.00,5005.00
61,parts,-12.00,4993.00
61,labor,-28.00,4965.00
61,tune_up_sale,75.00,5040.00
61,parts,-12.00,5028.00
61,labor,-28.00,5000.00
61,tune_up_sale,75.00,5075.00
62,workspace,-12.00,5063.00
62,insurance,-5.00,5058.00
62,marketing,-8.00,5050.00
63,workspace,-12.00,5038.00
63,insurance,-5.00,5033.00
63,marketing,-8.00,5025.00
63,parts,-12.00,5013.00
63,labor,-28.00,4985.00
63,tune_up_sale,75.00,5060.00
63,parts,-12.00,5048.00
63,labor,-28.00,5020.00
63,tune_up_sale,75.00,5095.00
63,parts,-12.00,5083.00
63,labor,-28.00,5055.00
63,tune_up_sale,75.00,5130.00
63,parts,-12.00,5118.00
63,labor,-28.00,5090.00
63,tune_up_sale,75.00,5165.00
63,parts,-12.00,5153.00
63,labor,-28.00,5125.00
63,tune_up_sale,75.00,5200.00
64,workspace,-12.00,5188.00
64,insurance,-5.00,5183.00
64,marketing,-8.00,5175.00
64,parts,-12.00,5163.00
64,labor,-28.00,5135.00
64,tune_up_sale,75.00,5210.00
64,parts,-12.00,5198.00
64,labor,-28.00,5170.00
64,tune_up_sale,75.00,5245.00
64,parts,-12.00,5233.00
64,labor,-28.00,5205.00
64,tune_up_sale,75.00,5280.00
64,parts,-12.00,5268.00
64,labor,-28.00,5240.00
64,tune_up_sale,75.00,5315.00
64,parts,-12.00,5303.00
64,labor,-28.00,5275.00
64,tune_up_sale,75.00,5350.00
65,workspace,-12.00,5338.00
65,insurance,-5.00,5333.00
65,marketing,-8.00,5325.00
65,parts,-12.00,5313.00
65,labor,-28.00,5285.00
65,tune_up_sale,75.00,5360.00
66,workspace,-12.00,5348.00
66,insurance,-5.00,5343.00
66,marketing,-8.00,5335.00
66,parts,-12.00,5323.00
66,labor,-28.00,5295.00
66,tune_up_sale,75.00,5370.00
66,parts,-12.00,5358.00
66,labor,-28.00,5330.00
66,tune_up_sale,75.00,5405.00
67,workspace,-12.00,5393.00
67,insurance,-5.00,5388.00
67,marketing,-8.00,5380.00
67,parts,-12.00,5368.00
67,labor,-28.00,5340.00
67,tune_up_sale,75.00,5415.00
67,parts,-12.00,5403.00
67,labor,-28.00,5375.00
67,tune_up_sale,75.00,5450.00
67,parts,-12.00,5438.00
67,labor,-28.00,5410.00
67,tune_up_sale,75.00,5485.00
68,workspace,-12.00,5473.00
68,insurance,-5.00,5468.00
68,marketing,-8.00,5460.00
68,parts,-12.00,5448.00
68,labor,-28.00,5420.00
68,tune_up_sale,75.00,5495.00
68,parts,-12.00,5483.00
68,labor,-28.00,5455.00
68,tune_up_sale,75.00,5530.00
68,parts,-12.00,5518.00
68,labor,-28.00,5490.00
68,tune_up_sale,75.00,5565.00
69,workspace,-12.00,5553.00
69,insurance,-5.00,5548.00
69,marketing,-8.00,5540.00
69,parts,-12.00,5528.00
69,labor,-28.00,5500.00
69,tune_up_sale,75.00,5575.00
69,parts,-12.00,5563.00
69,labor,-28.00,5535.00
69,tune_up_sale,75.00,5610.00
70,workspace,-12.00,5598.00
70,insurance,-5.00,5593.00
70,marketing,-8.00,5585.00
70,parts,-12.00,5573.00
70,labor,-28.00,5545.00
70,tune_up_sale,75.00,5620.00
70,parts,-12.00,5608.00
70,labor,-28.00,5580.00
70,tune_up_sale,75.00,5655.00
70,parts,-12.00,5643.00
70,labor,-28.00,5615.00
70,tune_up_sale,75.00,5690.00
70,parts,-12.00,5678.00
70,labor,-28.00,5650.00
70,tune_up_sale,75.00,5725.00
70,parts,-12.00,5713.00
70,labor,-28.00,5685.00
70,tune_up_sale,75.00,5760.00
71,workspace,-12.00,5748.00
71,insurance,-5.00,5743.00
71,marketing,-8.00,5735.00
71,parts,-12.00,5723.00
71,labor,-28.00,5695.00
71,tune_up_sale,75.00,5770.00
71,parts,-12.00,5758.00
71,labor,-28.00,5730.00
71,tune_up_sale,75.00,5805.00
71,parts,-12.00,5793.00
71,labor,-28.00,5765.00
71,tune_up_sale,75.00,5840.00
71,parts,-12.00,5828.00
71,labor,-28.00,5800.00
71,tune_up_sale,75.00,5875.00
72,workspace,-12.00,5863.00
72,insurance,-5.00,5858.00
72,marketing,-8.00,5850.00
72,parts,-12.00,5838.00
72,labor,-28.00,5810.00
72,tune_up_sale,75.00,5885.00
73,workspace,-12.00,5873.00
73,insurance,-5.00,5868.00
73,marketing,-8.00,5860.00
73,parts,-12.00,5848.00
73,labor,-28.00,5820.00
73,tune_up_sale,75.00,5895.00
73,parts,-12.00,5883.00
73,labor,-28.00,5855.00
73,tune_up_sale,75.00,5930.00
74,workspace,-12.00,5918.00
74,insurance,-5.00,5913.00
74,marketing,-8.00,5905.00
74,parts,-12.00,5893.00
74,labor,-28.00,5865.00
74,tune_up_sale,75.00,5940.00
74,parts,-12.00,5928.00
74,labor,-28.00,5900.00
74,tune_up_sale,75.00,5975.00
74,parts,-12.00,5963.00
74,labor,-28.00,5935.00
74,tune_up_sale,75.00,6010.00
74,parts,-12.00,5998.00
74,labor,-28.00,5970.00
74,tune_up_sale,75.00,6045.00
75,workspace,-12.00,6033.00
75,insurance,-5.00,6028.00
75,marketing,-8.00,6020.00
75,parts,-12.00,6008.00
75,labor,-28.00,5980.00
75,tune_up_sale,75.00,6055.00
75,parts,-12.00,6043.00
75,labor,-28.00,6015.00
75,tune_up_sale,75.00,6090.00
76,workspace,-12.00,6078.00
76,insurance,-5.00,6073.00
76,marketing,-8.00,6065.00
76,parts,-12.00,6053.00
76,labor,-28.00,6025.00
76,tune_up_sale,75.00,6100.00
77,workspace,-12.00,6088.00
77,insurance,-5.00,6083.00
77,marketing,-8.00,6075.00
77,parts,-12.00,6063.00
77,labor,-28.00,6035.00
77,tune_up_sale,75.00,6110.00
77,parts,-12.00,6098.00
77,labor,-28.00,6070.00
77,tune_up_sale,75.00,6145.00
77,parts,-12.00,6133.00
77,labor,-28.00,6105.00
77,tune_up_sale,75.00,6180.00
77,parts,-12.00,6168.00
77,labor,-28.00,6140.00
77,tune_up_sale,75.00,6215.00
78,workspace,-12.00,6203.00
78,insurance,-5.00,6198.00
78,marketing,-8.00,6190.00
78,parts,-12.00,6178.00
78,labor,-28.00,6150.00
78,tune_up_sale,75.00,6225.00
78,parts,-12.00,6213.00
78,labor,-28.00,6185.00
78,tune_up_sale,75.00,6260.00
78,parts,-12.00,6248.00
78,labor,-28.00,6220.00
78,tune_up_sale,75.00,6295.00
79,workspace,-12.00,6283.00
79,insurance,-5.00,6278.00
79,marketing,-8.00,6270.00
79,parts,-12.00,6258.00
79,labor,-28.00,6230.00
79,tune_up_sale,75.00,6305.00
79,parts,-12.00,6293.00
79,labor,-28.00,6265.00
79,tune_up_sale,75.00,6340.00
80,workspace,-12.00,6328.00
80,insurance,-5.00,6323.00
80,marketing,-8.00,6315.00
80,parts,-12.00,6303.00
80,labor,-28.00,6275.00
80,tune_up_sale,75.00,6350.00
80,parts,-12.00,6338.00
80,labor,-28.00,6310.00
80,tune_up_sale,75.00,6385.00
81,workspace,-12.00,6373.00
81,insurance,-5.00,6368.00
81,marketing,-8.00,6360.00
81,parts,-12.00,6348.00
81,labor,-28.00,6320.00
81,tune_up_sale,75.00,6395.00
82,workspace,-12.00,6383.00
82,insurance,-5.00,6378.00
82,marketing,-8.00,6370.00
82,parts,-12.00,6358.00
82,labor,-28.00,6330.00
82,tune_up_sale,75.00,6405.00
82,parts,-12.00,6393.00
82,labor,-28.00,6365.00
82,tune_up_sale,75.00,6440.00
82,parts,-12.00,6428.00
82,labor,-28.00,6400.00
82,tune_up_sale,75.00,6475.00
82,parts,-12.00,6463.00
82,labor,-28.00,6435.00
82,tune_up_sale,75.00,6510.00
83,workspace,-12.00,6498.00
83,insurance,-5.00,6493.00
83,marketing,-8.00,6485.00
83,parts,-12.00,6473.00
83,labor,-28.00,6445.00
83,tune_up_sale,75.00,6520.00
84,workspace,-12.00,6508.00
84,insurance,-5.00,6503.00
84,marketing,-8.00,6495.00
84,parts,-12.00,6483.00
84,labor,-28.00,6455.00
84,tune_up_sale,75.00,6530.00
84,parts,-12.00,6518.00
84,labor,-28.00,6490.00
84,tune_up_sale,75.00,6565.00
84,parts,-12.00,6553.00
84,labor,-28.00,6525.00
84,tune_up_sale,75.00,6600.00
84,parts,-12.00,6588.00
84,labor,-28.00,6560.00
84,tune_up_sale,75.00,6635.00
84,parts,-12.00,6623.00
84,labor,-28.00,6595.00
84,tune_up_sale,75.00,6670.00
85,workspace,-12.00,6658.00
85,insurance,-5.00,6653.00
85,marketing,-8.00,6645.00
85,parts,-12.00,6633.00
85,labor,-28.00,6605.00
85,tune_up_sale,75.00,6680.00
85,parts,-12.00,6668.00
85,labor,-28.00,6640.00
85,tune_up_sale,75.00,6715.00
86,workspace,-12.00,6703.00
86,insurance,-5.00,6698.00
86,marketing,-8.00,6690.00
86,parts,-12.00,6678.00
86,labor,-28.00,6650.00
86,tune_up_sale,75.00,6725.00
86,parts,-12.00,6713.00
86,labor,-28.00,6685.00
86,tune_up_sale,75.00,6760.00
86,parts,-12.00,6748.00
86,labor,-28.00,6720.00
86,tune_up_sale,75.00,6795.00
86,parts,-12.00,6783.00
86,labor,-28.00,6755.00
86,tune_up_sale,75.00,6830.00
86,parts,-12.00,6818.00
86,labor,-28.00,6790.00
86,tune_up_sale,75.00,6865.00
87,workspace,-12.00,6853.00
87,insurance,-5.00,6848.00
87,marketing,-8.00,6840.00
87,parts,-12.00,6828.00
87,labor,-28.00,6800.00
87,tune_up_sale,75.00,6875.00
87,parts,-12.00,6863.00
87,labor,-28.00,6835.00
87,tune_up_sale,75.00,6910.00
87,parts,-12.00,6898.00
87,labor,-28.00,6870.00
87,tune_up_sale,75.00,6945.00
87,parts,-12.00,6933.00
87,labor,-28.00,6905.00
87,tune_up_sale,75.00,6980.00
88,workspace,-12.00,6968.00
88,insurance,-5.00,6963.00
88,marketing,-8.00,6955.00
88,parts,-12.00,6943.00
88,labor,-28.00,6915.00
88,tune_up_sale,75.00,6990.00
88,parts,-12.00,6978.00
88,labor,-28.00,6950.00
88,tune_up_sale,75.00,7025.00
88,parts,-12.00,7013.00
88,labor,-28.00,6985.00
88,tune_up_sale,75.00,7060.00
88,parts,-12.00,7048.00
88,labor,-28.00,7020.00
88,tune_up_sale,75.00,7095.00
89,workspace,-12.00,7083.00
89,insurance,-5.00,7078.00
89,marketing,-8.00,7070.00
89,parts,-12.00,7058.00
89,labor,-28.00,7030.00
89,tune_up_sale,75.00,7105.00
89,parts,-12.00,7093.00
89,labor,-28.00,7065.00
89,tune_up_sale,75.00,7140.00
90,workspace,-12.00,7128.00
90,insurance,-5.00,7123.00
90,marketing,-8.00,7115.00
90,parts,-12.00,7103.00
90,labor,-28.00,7075.00
90,tune_up_sale,75.00,7150.00
90,parts,-12.00,7138.00
90,labor,-28.00,7110.00
90,tune_up_sale,75.00,7185.00
