day,type,amount,balance_after
1,equipment,-95.00,405.00
1,cart_rental,-18.00,387.00
1,pitch_permit,-12.00,375.00
1,fuel,-4.00,371.00
1,insurance,-3.00,368.00
1,supply,-97.20,270.80
1,sale,47.52,318.32
2,cart_rental,-18.00,300.32
2,pitch_permit,-12.00,288.32
2,fuel,-4.00,284.32
2,insurance,-3.00,281.32
2,supply,-16.20,265.12
2,sale,46.64,311.76
3,cart_rental,-18.00,293.76
3,pitch_permit,-12.00,281.76
3,fuel,-4.00,277.76
3,insurance,-3.00,274.76
3,supply,-14.40,260.36
3,sale,46.64,307.00
4,cart_rental,-18.00,289.00
4,pitch_permit,-12.00,277.00
4,fuel,-4.00,273.00
4,insurance,-3.00,270.00
4,supply,-14.40,255.60
4,sale,58.30,313.90
5,cart_rental,-18.00,295.90
5,pitch_permit,-12.00,283.90
5,fuel,-4.00,279.90
5,insurance,-3.00,276.90
5,supply,-18.00,258.90
5,sale,46.64,305.54
6,cart_rental,-18.00,287.54
6,pitch_permit,-12.00,275.54
6,fuel,-4.00,271.54
6,insurance,-3.00,268.54
6,supply,-14.40,254.14
6,sale,23.32,277.46
7,cart_rental,-18.00,259.46
7,pitch_permit,-12.00,247.46
7,fuel,-4.00,243.46
7,insurance,-3.00,240.46
7,supply,-7.20,233.26
7,sale,52.47,285.73
8,cart_rental,-18.00,267.73
8,pitch_permit,-12.00,255.73
8,fuel,-4.00,251.73
8,insurance,-3.00,248.73
8,supply,-16.20,232.53
8,sale,46.64,279.17
9,cart_rental,-18.00,261.17
9,pitch_permit,-12.00,249.17
9,fuel,-4.00,245.17
9,insurance,-3.00,242.17
9,supply,-14.40,227.77
9,sale,46.64,274.41
10,cart_rental,-18.00,256.41
10,pitch_permit,-12.00,244.41
10,fuel,-4.00,240.41
10,insurance,-3.00,237.41
10,supply,-14.40,223.01
10,sale,52.47,275.48
11,cart_rental,-18.00,257.48
11,pitch_permit,-12.00,245.48
11,fuel,-4.00,241.48
11,insurance,-3.00,238.48
11,supply,-16.20,222.28
11,sale,52.47,274.75
12,cart_rental,-18.00,256.75
12,pitch_permit,-12.00,244.75
12,fuel,-4.00,240.75
12,insurance,-3.00,237.75
12,supply,-16.20,221.55
12,sale,69.96,291.51
13,cart_rental,-18.00,273.51
13,pitch_permit,-12.00,261.51
13,fuel,-4.00,257.51
13,insurance,-3.00,254.51
13,supply,-21.60,232.91
13,sale,58.30,291.21
14,cart_rental,-18.00,273.21
14,pitch_permit,-12.00,261.21
14,fuel,-4.00,257.21
14,insurance,-3.00,254.21
14,supply,-18.00,236.21
14,sale,52.47,288.68
15,cart_rental,-18.00,270.68
15,pitch_permit,-12.00,258.68
15,fuel,-4.00,254.68
15,insurance,-3.00,251.68
15,supply,-16.20,235.48
15,sale,34.98,270.46
16,cart_rental,-18.00,252.46
16,pitch_permit,-12.00,240.46
16,fuel,-4.00,236.46
16,insurance,-3.00,233.46
16,supply,-10.80,222.66
16,sale,29.15,251.81
17,cart_rental,-18.00,233.81
17,pitch_permit,-12.00,221.81
17,fuel,-4.00,217.81
17,insurance,-3.00,214.81
17,supply,-9.00,205.81
17,sale,52.47,258.28
18,cart_rental,-18.00,240.28
18,pitch_permit,-12.00,228.28
18,fuel,-4.00,224.28
18,insurance,-3.00,221.28
18,supply,-16.20,205.08
18,sale,69.96,275.04
19,cart_rental,-18.00,257.04
19,pitch_permit,-12.00,245.04
19,fuel,-4.00,241.04
19,insurance,-3.00,238.04
19,supply,-21.60,216.44
19,sale,46.64,263.08
20,cart_rental,-18.00,245.08
20,pitch_permit,-12.00,233.08
20,fuel,-4.00,229.08
20,insurance,-3.00,226.08
20,supply,-14.40,211.68
20,sale,46.64,258.32
21,cart_rental,-18.00,240.32
21,pitch_permit,-12.00,228.32
21,fuel,-4.00,224.32
21,insurance,-3.00,221.32
21,supply,-14.40,206.92
21,sale,58.30,265.22
22,cart_rental,-18.00,247.22
22,pitch_permit,-12.00,235.22
22,fuel,-4.00,231.22
22,insurance,-3.00,228.22
22,supply,-18.00,210.22
22,sale,23.32,233.54
23,cart_rental,-18.00,215.54
23,pitch_permit,-12.00,203.54
23,fuel,-4.00,199.54
23,insurance,-3.00,196.54
23,supply,-7.20,189.34
23,sale,40.81,230.15
24,cart_rental,-18.00,212.15
24,pitch_permit,-12.00,200.15
24,fuel,-4.00,196.15
24,insurance,-3.00,193.15
24,supply,-12.60,180.55
24,sale,58.30,238.85
25,cart_rental,-18.00,220.85
25,pitch_permit,-12.00,208.85
25,fuel,-4.00,204.85
25,insurance,-3.00,201.85
25,supply,-18.00,183.85
25,sale,64.13,247.98
26,cart_rental,-18.00,229.98
26,pitch_permit,-12.00,217.98
26,fuel,-4.00,213.98
26,insurance,-3.00,210.98
26,supply,-19.80,191.18
26,sale,46.64,237.82
27,cart_rental,-18.00,219.82
27,pitch_permit,-12.00,207.82
27,fuel,-4.00,203.82
27,insurance,-3.00,200.82
27,supply,-14.40,186.42
27,sale,52.47,238.89
28,cart_rental,-18.00,220.89
28,pitch_permit,-12.00,208.89
28,fuel,-4.00,204.89
28,insurance,-3.00,201.89
28,supply,-16.20,185.69
28,sale,52.47,238.16
29,cart_rental,-18.00,220.16
29,pitch_permit,-12.00,208.16
29,fuel,-4.00,204.16
29,insurance,-3.00,201.16
29,supply,-16.20,184.96
29,sale,64.13,249.09
30,cart_rental,-18.00,231.09
30,pitch_permit,-12.00,219.09
30,fuel,-4.00,215.09
30,insurance,-3.00,212.09
30,supply,-19.80,192.29
30,sale,29.15,221.44
31,cart_rental,-18.00,203.44
31,pitch_permit,-12.00,191.44
31,fuel,-4.00,187.44
31,insurance,-3.00,184.44
31,supply,-9.00,175.44
31,sale,58.30,233.74
32,cart_rental,-18.00,215.74
32,pitch_permit,-12.00,203.74
32,fuel,-4.00,199.74
32,insurance,-3.00,196.74
32,supply,-18.00,178.74
32,sale,23.32,202.06
33,cart_rental,-18.00,184.06
33,pitch_permit,-12.00,172.06
33,fuel,-4.00,168.06
33,insurance,-3.00,165.06
33,supply,-7.20,157.86
33,sale,5.83,163.69
34,cart_rental,-18.00,145.69
34,pitch_permit,-12.00,133.69
34,fuel,-4.00,129.69
34,insurance,-3.00,126.69
34,supply,-1.80,124.89
34,sale,40.81,165.70
35,cart_rental,-18.00,147.70
35,pitch_permit,-12.00,135.70
35,fuel,-4.00,131.70
35,insurance,-3.00,128.70
35,supply,-12.60,116.10
35,sale,34.98,151.08
36,cart_rental,-18.00,133.08
36,pitch_permit,-12.00,121.08
36,fuel,-4.00,117.08
36,insurance,-3.00,114.08
36,supply,-10.80,103.28
36,sale,64.13,167.41
37,cart_rental,-18.00,149.41
37,pitch_permit,-12.00,137.41
37,fuel,-4.00,133.41
37,insurance,-3.00,130.41
37,supply,-19.80,110.61
37,sale,58.30,168.91
38,cart_rental,-18.00,150.91
38,pitch_permit,-12.00,138.91
38,fuel,-4.00,134.91
38,insurance,-3.00,131.91
38,supply,-18.00,113.91
38,sale,29.15,143.06
39,cart_rental,-18.00,125.06
39,pitch_permit,-12.00,113.06
39,fuel,-4.00,109.06
39,insurance,-3.00,106.06
39,supply,-9.00,97.06
39,sale,64.13,161.19
40,cart_rental,-18.00,143.19
40,pitch_permit,-12.00,131.19
40,fuel,-4.00,127.19
40,insurance,-3.00,124.19
40,supply,-19.80,104.39
40,sale,29.15,133.54
41,cart_rental,-18.00,115.54
41,pitch_permit,-12.00,103.54
41,fuel,-4.00,99.54
41,insurance,-3.00,96.54
41,supply,-9.00,87.54
41,sale,46.64,134.18
42,cart_rental,-18.00,116.18
42,pitch_permit,-12.00,104.18
42,fuel,-4.00,100.18
42,insurance,-3.00,97.18
42,supply,-14.40,82.78
42,sale,46.64,129.42
43,cart_rental,-18.00,111.42
43,pitch_permit,-12.00,99.42
43,fuel,-4.00,95.42
43,insurance,-3.00,92.42
43,supply,-14.40,78.02
43,sale,52.47,130.49
44,cart_rental,-18.00,112.49
44,pitch_permit,-12.00,100.49
44,fuel,-4.00,96.49
44,insurance,-3.00,93.49
44,supply,-16.20,77.29
44,sale,64.13,141.42
45,cart_rental,-18.00,123.42
45,pitch_permit,-12.00,111.42
45,fuel,-4.00,107.42
45,insurance,-3.00,104.42
45,supply,-19.80,84.62
45,sale,58.30,142.92
46,cart_rental,-18.00,124.92
46,pitch_permit,-12.00,112.92
46,fuel,-4.00,108.92
46,insurance,-3.00,105.92
46,supply,-18.00,87.92
46,sale,52.47,140.39
47,cart_rental,-18.00,122.39
47,pitch_permit,-12.00,110.39
47,fuel,-4.00,106.39
47,insurance,-3.00,103.39
47,supply,-16.20,87.19
47,sale,58.30,145.49
48,cart_rental,-18.00,127.49
48,pitch_permit,-12.00,115.49
48,fuel,-4.00,111.49
48,insurance,-3.00,108.49
48,supply,-18.00,90.49
48,sale,58.30,148.79
49,cart_rental,-18.00,130.79
49,pitch_permit,-12.00,118.79
49,fuel,-4.00,114.79
49,insurance,-3.00,111.79
49,supply,-18.00,93.79
49,sale,40.81,134.60
50,cart_rental,-18.00,116.60
50,pitch_permit,-12.00,104.60
50,fuel,-4.00,100.60
50,insurance,-3.00,97.60
50,supply,-12.60,85.00
50,sale,34.98,119.98
51,cart_rental,-18.00,101.98
51,pitch_permit,-12.00,89.98
51,fuel,-4.00,85.98
51,insurance,-3.00,82.98
51,supply,-10.80,72.18
51,sale,40.81,112.99
52,cart_rental,-18.00,94.99
52,pitch_permit,-12.00,82.99
52,fuel,-4.00,78.99
52,insurance,-3.00,75.99
52,supply,-12.60,63.39
52,sale,58.30,121.69
53,cart_rental,-18.00,103.69
53,pitch_permit,-12.00,91.69
53,fuel,-4.00,87.69
53,insurance,-3.00,84.69
53,supply,-18.00,66.69
53,sale,46.64,113.33
54,cart_rental,-18.00,95.33
54,pitch_permit,-12.00,83.33
54,fuel,-4.00,79.33
54,insurance,-3.00,76.33
54,supply,-14.40,61.93
54,sale,87.45,149.38
55,cart_rental,-18.00,131.38
55,pitch_permit,-12.00,119.38
55,fuel,-4.00,115.38
55,insurance,-3.00,112.38
55,supply,-27.00,85.38
55,sale,34.98,120.36
56,cart_rental,-18.00,102.36
56,pitch_permit,-12.00,90.36
56,fuel,-4.00,86.36
56,insurance,-3.00,83.36
56,supply,-10.80,72.56
56,sale,29.15,101.71
57,cart_rental,-18.00,83.71
57,pitch_permit,-12.00,71.71
57,fuel,-4.00,67.71
57,insurance,-3.00,64.71
57,supply,-9.00,55.71
57,sale,64.13,119.84
58,cart_rental,-18.00,101.84
58,pitch_permit,-12.00,89.84
58,fuel,-4.00,85.84
58,insurance,-3.00,82.84
58,supply,-19.80,63.04
58,sale,69.96,133.00
59,cart_rental,-18.00,115.00
59,pitch_permit,-12.00,103.00
59,fuel,-4.00,99.00
59,insurance,-3.00,96.00
59,supply,-21.60,74.40
59,sale,58.30,132.70
60,cart_rental,-18.00,114.70
60,pitch_permit,-12.00,102.70
60,fuel,-4.00,98.70
60,insurance,-3.00,95.70
60,supply,-18.00,77.70
60,sale,64.13,141.83
61,cart_rental,-18.00,123.83
61,pitch_permit,-12.00,111.83
61,fuel,-4.00,107.83
61,insurance,-3.00,104.83
61,supply,-19.80,85.03
61,sale,69.96,154.99
62,cart_rental,-18.00,136.99
62,pitch_permit,-12.00,124.99
62,fuel,-4.00,120.99
62,insurance,-3.00,117.99
62,supply,-21.60,96.39
62,sale,46.64,143.03
63,cart_rental,-18.00,125.03
63,pitch_permit,-12.00,113.03
63,fuel,-4.00,109.03
63,insurance,-3.00,106.03
63,supply,-14.40,91.63
63,sale,23.32,114.95
64,cart_rental,-18.00,96.95
64,pitch_permit,-12.00,84.95
64,fuel,-4.00,80.95
64,insurance,-3.00,77.95
64,supply,-7.20,70.75
64,sale,40.81,111.56
65,cart_rental,-18.00,93.56
65,pitch_permit,-12.00,81.56
65,fuel,-4.00,77.56
65,insurance,-3.00,74.56
65,supply,-12.60,61.96
65,sale,64.13,126.09
66,cart_rental,-18.00,108.09
66,pitch_permit,-12.00,96.09
66,fuel,-4.00,92.09
66,insurance,-3.00,89.09
66,supply,-19.80,69.29
66,sale,23.32,92.61
67,cart_rental,-18.00,74.61
67,pitch_permit,-12.00,62.61
67,fuel,-4.00,58.61
67,insurance,-3.00,55.61
67,supply,-7.20,48.41
67,sale,46.64,95.05
68,cart_rental,-18.00,77.05
68,pitch_permit,-12.00,65.05
68,fuel,-4.00,61.05
68,insurance,-3.00,58.05
68,supply,-14.40,43.65
68,sale,52.47,96.12
69,cart_rental,-18.00,78.12
69,pitch_permit,-12.00,66.12
69,fuel,-4.00,62.12
69,insurance,-3.00,59.12
69,supply,-16.20,42.92
69,sale,40.81,83.73
70,cart_rental,-18.00,65.73
70,pitch_permit,-12.00,53.73
70,fuel,-4.00,49.73
70,insurance,-3.00,46.73
70,supply,-12.60,34.13
70,sale,58.30,92.43
71,cart_rental,-18.00,74.43
71,pitch_permit,-12.00,62.43
71,fuel,-4.00,58.43
71,insurance,-3.00,55.43
71,supply,-18.00,37.43
71,sale,58.30,95.73
72,cart_rental,-18.00,77.73
72,pitch_permit,-12.00,65.73
72,fuel,-4.00,61.73
72,insurance,-3.00,58.73
72,supply,-18.00,40.73
72,sale,87.45,128.18
73,cart_rental,-18.00,110.18
73,pitch_permit,-12.00,98.18
73,fuel,-4.00,94.18
73,insurance,-3.00,91.18
73,supply,-27.00,64.18
73,sale,58.30,122.48
74,cart_rental,-18.00,104.48
74,pitch_permit,-12.00,92.48
74,fuel,-4.00,88.48
74,insurance,-3.00,85.48
74,supply,-18.00,67.48
74,sale,40.81,108.29
75,cart_rental,-18.00,90.29
75,pitch_permit,-12.00,78.29
75,fuel,-4.00,74.29
75,insurance,-3.00,71.29
75,supply,-12.60,58.69
75,sale,40.81,99.50
76,cart_rental,-18.00,81.50
76,pitch_permit,-12.00,69.50
76,fuel,-4.00,65.50
76,insurance,-3.00,62.50
76,supply,-12.60,49.90
76,sale,34.98,84.88
77,cart_rental,-18.00,66.88
77,pitch_permit,-12.00,54.88
77,fuel,-4.00,50.88
77,insurance,-3.00,47.88
77,supply,-10.80,37.08
77,sale,64.13,101.21
78,cart_rental,-18.00,83.21
78,pitch_permit,-12.00,71.21
78,fuel,-4.00,67.21
78,insurance,-3.00,64.21
78,supply,-19.80,44.41
78,sale,40.81,85.22
79,cart_rental,-18.00,67.22
79,pitch_permit,-12.00,55.22
79,fuel,-4.00,51.22
79,insurance,-3.00,48.22
79,supply,-12.60,35.62
79,sale,46.64,82.26
80,cart_rental,-18.00,64.26
80,pitch_permit,-12.00,52.26
80,fuel,-4.00,48.26
80,insurance,-3.00,45.26
80,supply,-14.40,30.86
80,sale,64.13,94.99
81,cart_rental,-18.00,76.99
81,pitch_permit,-12.00,64.99
81,fuel,-4.00,60.99
81,insurance,-3.00,57.99
81,supply,-19.80,38.19
81,sale,34.98,73.17
82,cart_rental,-18.00,55.17
82,pitch_permit,-12.00,43.17
82,fuel,-4.00,39.17
82,insurance,-3.00,36.17
82,supply,-10.80,25.37
82,sale,46.64,72.01
83,cart_rental,-18.00,54.01
83,pitch_permit,-12.00,42.01
83,fuel,-4.00,38.01
83,insurance,-3.00,35.01
83,supply,-14.40,20.61
83,sale,17.49,38.10
84,cart_rental,-18.00,20.10
84,pitch_permit,-12.00,8.10
84,fuel,-4.00,4.10
84,insurance,-3.00,1.10
84,sale,29.15,30.25
